Year,Race,Gender,Gender Code,Injury Intent,Deaths,Population,Crude Rate
1999,American Indian or Alaska Native,Female,F,Unintentional,1,1421980,Unreliable
1999,American Indian or Alaska Native,Female,F,Suicide,16,1421980,Unreliable
1999,American Indian or Alaska Native,Female,F,Homicide,22,1421980,1.5
1999,American Indian or Alaska Native,Female,F,Undetermined ,1,1421980,Unreliable
1999,American Indian or Alaska Native,Female,F,Legal Intervention / Operations of War,0,1421980,Unreliable
1999,American Indian or Alaska Native,Female,F,"Non-Injury, no intent classified",0,1421980,Unreliable
1999,American Indian or Alaska Native,Male,M,Unintentional,13,1410781,Unreliable
1999,American Indian or Alaska Native,Male,M,Suicide,120,1410781,8.5
1999,American Indian or Alaska Native,Male,M,Homicide,82,1410781,5.8
1999,American Indian or Alaska Native,Male,M,Undetermined ,5,1410781,Unreliable
1999,American Indian or Alaska Native,Male,M,Legal Intervention / Operations of War,8,1410781,Unreliable
1999,American Indian or Alaska Native,Male,M,"Non-Injury, no intent classified",0,1410781,Unreliable
1999,Asian or Pacific Islander,Female,F,Unintentional,0,5845369,Unreliable
1999,Asian or Pacific Islander,Female,F,Suicide,29,5845369,0.5
1999,Asian or Pacific Islander,Female,F,Homicide,70,5845369,1.2
1999,Asian or Pacific Islander,Female,F,Undetermined ,1,5845369,Unreliable
1999,Asian or Pacific Islander,Female,F,Legal Intervention / Operations of War,0,5845369,Unreliable
1999,Asian or Pacific Islander,Female,F,"Non-Injury, no intent classified",0,5845369,Unreliable
1999,Asian or Pacific Islander,Male,M,Unintentional,5,5501127,Unreliable
1999,Asian or Pacific Islander,Male,M,Suicide,174,5501127,3.2
1999,Asian or Pacific Islander,Male,M,Homicide,159,5501127,2.9
1999,Asian or Pacific Islander,Male,M,Undetermined ,4,5501127,Unreliable
1999,Asian or Pacific Islander,Male,M,Legal Intervention / Operations of War,4,5501127,Unreliable
1999,Asian or Pacific Islander,Male,M,"Non-Injury, no intent classified",0,5501127,Unreliable
1999,Black or African American,Female,F,Unintentional,21,18978030,0.1
1999,Black or African American,Female,F,Suicide,107,18978030,0.6
1999,Black or African American,Female,F,Homicide,694,18978030,3.7
1999,Black or African American,Female,F,Undetermined ,10,18978030,Unreliable
1999,Black or African American,Female,F,Legal Intervention / Operations of War,1,18978030,Unreliable
1999,Black or African American,Female,F,"Non-Injury, no intent classified",0,18978030,Unreliable
1999,Black or African American,Male,M,Unintentional,135,17195091,0.8
1999,Black or African American,Male,M,Suicide,1018,17195091,5.9
1999,Black or African American,Male,M,Homicide,4883,17195091,28.4
1999,Black or African American,Male,M,Undetermined ,56,17195091,0.3
1999,Black or African American,Male,M,Legal Intervention / Operations of War,92,17195091,0.5
1999,Black or African American,Male,M,"Non-Injury, no intent classified",0,17195091,Unreliable
1999,White,Female,F,Unintentional,95,115991916,0.1
1999,White,Female,F,Suicide,1968,115991916,1.7
1999,White,Female,F,Homicide,1098,115991916,0.9
1999,White,Female,F,Undetermined ,35,115991916,0
1999,White,Female,F,Legal Intervention / Operations of War,5,115991916,Unreliable
1999,White,Female,F,"Non-Injury, no intent classified",0,115991916,Unreliable
1999,White,Male,M,Unintentional,554,112695874,0.5
1999,White,Male,M,Suicide,13167,112695874,11.7
1999,White,Male,M,Homicide,3820,112695874,3.4
1999,White,Male,M,Undetermined ,212,112695874,0.2
1999,White,Male,M,Legal Intervention / Operations of War,189,112695874,0.2
1999,White,Male,M,"Non-Injury, no intent classified",0,112695874,Unreliable
2000,American Indian or Alaska Native,Female,F,Unintentional,2,1496044,Unreliable
2000,American Indian or Alaska Native,Female,F,Suicide,24,1496044,1.6
2000,American Indian or Alaska Native,Female,F,Homicide,16,1496044,Unreliable
2000,American Indian or Alaska Native,Female,F,Undetermined ,1,1496044,Unreliable
2000,American Indian or Alaska Native,Female,F,Legal Intervention / Operations of War,1,1496044,Unreliable
2000,American Indian or Alaska Native,Female,F,"Non-Injury, no intent classified",0,1496044,Unreliable
2000,American Indian or Alaska Native,Male,M,Unintentional,12,1488106,Unreliable
2000,American Indian or Alaska Native,Male,M,Suicide,109,1488106,7.3
2000,American Indian or Alaska Native,Male,M,Homicide,70,1488106,4.7
2000,American Indian or Alaska Native,Male,M,Undetermined ,3,1488106,Unreliable
2000,American Indian or Alaska Native,Male,M,Legal Intervention / Operations of War,2,1488106,Unreliable
2000,American Indian or Alaska Native,Male,M,"Non-Injury, no intent classified",0,1488106,Unreliable
2000,Asian or Pacific Islander,Female,F,Unintentional,2,6044295,Unreliable
2000,Asian or Pacific Islander,Female,F,Suicide,23,6044295,0.4
2000,Asian or Pacific Islander,Female,F,Homicide,44,6044295,0.7
2000,Asian or Pacific Islander,Female,F,Undetermined ,2,6044295,Unreliable
2000,Asian or Pacific Islander,Female,F,Legal Intervention / Operations of War,1,6044295,Unreliable
2000,Asian or Pacific Islander,Female,F,"Non-Injury, no intent classified",0,6044295,Unreliable
2000,Asian or Pacific Islander,Male,M,Unintentional,12,5713390,Unreliable
2000,Asian or Pacific Islander,Male,M,Suicide,166,5713390,2.9
2000,Asian or Pacific Islander,Male,M,Homicide,166,5713390,2.9
2000,Asian or Pacific Islander,Male,M,Undetermined ,3,5713390,Unreliable
2000,Asian or Pacific Islander,Male,M,Legal Intervention / Operations of War,5,5713390,Unreliable
2000,Asian or Pacific Islander,Male,M,"Non-Injury, no intent classified",0,5713390,Unreliable
2000,Black or African American,Female,F,Unintentional,20,19187280,0.1
2000,Black or African American,Female,F,Suicide,125,19187280,0.7
2000,Black or African American,Female,F,Homicide,615,19187280,3.2
2000,Black or African American,Female,F,Undetermined ,7,19187280,Unreliable
2000,Black or African American,Female,F,Legal Intervention / Operations of War,3,19187280,Unreliable
2000,Black or African American,Female,F,"Non-Injury, no intent classified",0,19187280,Unreliable
2000,Black or African American,Male,M,Unintentional,117,17407029,0.7
2000,Black or African American,Male,M,Suicide,965,17407029,5.5
2000,Black or African American,Male,M,Homicide,5084,17407029,29.2
2000,Black or African American,Male,M,Undetermined ,47,17407029,0.3
2000,Black or African American,Male,M,Legal Intervention / Operations of War,71,17407029,0.4
2000,Black or African American,Male,M,"Non-Injury, no intent classified",0,17407029,Unreliable
2000,White,Female,F,Unintentional,81,116640724,0.1
2000,White,Female,F,Suicide,1960,116640724,1.7
2000,White,Female,F,Homicide,1120,116640724,1
2000,White,Female,F,Undetermined ,30,116640724,0
2000,White,Female,F,Legal Intervention / Operations of War,4,116640724,Unreliable
2000,White,Female,F,"Non-Injury, no intent classified",0,116640724,Unreliable
2000,White,Male,M,Unintentional,530,113445038,0.5
2000,White,Male,M,Suicide,13214,113445038,11.6
2000,White,Male,M,Homicide,3686,113445038,3.2
2000,White,Male,M,Undetermined ,137,113445038,0.1
2000,White,Male,M,Legal Intervention / Operations of War,183,113445038,0.2
2000,White,Male,M,"Non-Injury, no intent classified",0,113445038,Unreliable
2001,American Indian or Alaska Native,Female,F,Unintentional,3,1552172,Unreliable
2001,American Indian or Alaska Native,Female,F,Suicide,17,1552172,Unreliable
2001,American Indian or Alaska Native,Female,F,Homicide,23,1552172,1.5
2001,American Indian or Alaska Native,Female,F,Undetermined ,0,1552172,Unreliable
2001,American Indian or Alaska Native,Female,F,Legal Intervention / Operations of War,1,1552172,Unreliable
2001,American Indian or Alaska Native,Female,F,"Non-Injury, no intent classified",0,1552172,Unreliable
2001,American Indian or Alaska Native,Male,M,Unintentional,6,1545161,Unreliable
2001,American Indian or Alaska Native,Male,M,Suicide,115,1545161,7.4
2001,American Indian or Alaska Native,Male,M,Homicide,64,1545161,4.1
2001,American Indian or Alaska Native,Male,M,Undetermined ,4,1545161,Unreliable
2001,American Indian or Alaska Native,Male,M,Legal Intervention / Operations of War,7,1545161,Unreliable
2001,American Indian or Alaska Native,Male,M,"Non-Injury, no intent classified",0,1545161,Unreliable
2001,Asian or Pacific Islander,Female,F,Unintentional,1,6399700,Unreliable
2001,Asian or Pacific Islander,Female,F,Suicide,28,6399700,0.4
2001,Asian or Pacific Islander,Female,F,Homicide,41,6399700,0.6
2001,Asian or Pacific Islander,Female,F,Undetermined ,0,6399700,Unreliable
2001,Asian or Pacific Islander,Female,F,Legal Intervention / Operations of War,0,6399700,Unreliable
2001,Asian or Pacific Islander,Female,F,"Non-Injury, no intent classified",0,6399700,Unreliable
2001,Asian or Pacific Islander,Male,M,Unintentional,5,6029481,Unreliable
2001,Asian or Pacific Islander,Male,M,Suicide,151,6029481,2.5
2001,Asian or Pacific Islander,Male,M,Homicide,147,6029481,2.4
2001,Asian or Pacific Islander,Male,M,Undetermined ,7,6029481,Unreliable
2001,Asian or Pacific Islander,Male,M,Legal Intervention / Operations of War,9,6029481,Unreliable
2001,Asian or Pacific Islander,Male,M,"Non-Injury, no intent classified",0,6029481,Unreliable
2001,Black or African American,Female,F,Unintentional,13,19515524,Unreliable
2001,Black or African American,Female,F,Suicide,120,19515524,0.6
2001,Black or African American,Female,F,Homicide,606,19515524,3.1
2001,Black or African American,Female,F,Undetermined ,3,19515524,Unreliable
2001,Black or African American,Female,F,Legal Intervention / Operations of War,4,19515524,Unreliable
2001,Black or African American,Female,F,"Non-Injury, no intent classified",0,19515524,Unreliable
2001,Black or African American,Male,M,Unintentional,99,17734251,0.6
2001,Black or African American,Male,M,Suicide,971,17734251,5.5
2001,Black or African American,Male,M,Homicide,5279,17734251,29.8
2001,Black or African American,Male,M,Undetermined ,29,17734251,0.2
2001,Black or African American,Male,M,Legal Intervention / Operations of War,60,17734251,0.3
2001,Black or African American,Male,M,"Non-Injury, no intent classified",0,17734251,Unreliable
2001,White,Female,F,Unintentional,95,117610067,0.1
2001,White,Female,F,Suicide,1946,117610067,1.7
2001,White,Female,F,Homicide,1146,117610067,1
2001,White,Female,F,Undetermined ,38,117610067,0
2001,White,Female,F,Legal Intervention / Operations of War,8,117610067,Unreliable
2001,White,Female,F,"Non-Injury, no intent classified",0,117610067,Unreliable
2001,White,Male,M,Unintentional,580,114582599,0.5
2001,White,Male,M,Suicide,13521,114582599,11.8
2001,White,Male,M,Homicide,4042,114582599,3.5
2001,White,Male,M,Undetermined ,150,114582599,0.1
2001,White,Male,M,Legal Intervention / Operations of War,234,114582599,0.2
2001,White,Male,M,"Non-Injury, no intent classified",0,114582599,Unreliable
2002,American Indian or Alaska Native,Female,F,Unintentional,0,1604289,Unreliable
2002,American Indian or Alaska Native,Female,F,Suicide,18,1604289,Unreliable
2002,American Indian or Alaska Native,Female,F,Homicide,32,1604289,2
2002,American Indian or Alaska Native,Female,F,Undetermined ,2,1604289,Unreliable
2002,American Indian or Alaska Native,Female,F,Legal Intervention / Operations of War,0,1604289,Unreliable
2002,American Indian or Alaska Native,Female,F,"Non-Injury, no intent classified",0,1604289,Unreliable
2002,American Indian or Alaska Native,Male,M,Unintentional,9,1598182,Unreliable
2002,American Indian or Alaska Native,Male,M,Suicide,128,1598182,8
2002,American Indian or Alaska Native,Male,M,Homicide,85,1598182,5.3
2002,American Indian or Alaska Native,Male,M,Undetermined ,5,1598182,Unreliable
2002,American Indian or Alaska Native,Male,M,Legal Intervention / Operations of War,8,1598182,Unreliable
2002,American Indian or Alaska Native,Male,M,"Non-Injury, no intent classified",0,1598182,Unreliable
2002,Asian or Pacific Islander,Female,F,Unintentional,1,6681015,Unreliable
2002,Asian or Pacific Islander,Female,F,Suicide,24,6681015,0.4
2002,Asian or Pacific Islander,Female,F,Homicide,53,6681015,0.8
2002,Asian or Pacific Islander,Female,F,Undetermined ,1,6681015,Unreliable
2002,Asian or Pacific Islander,Female,F,Legal Intervention / Operations of War,0,6681015,Unreliable
2002,Asian or Pacific Islander,Female,F,"Non-Injury, no intent classified",0,6681015,Unreliable
2002,Asian or Pacific Islander,Male,M,Unintentional,6,6272748,Unreliable
2002,Asian or Pacific Islander,Male,M,Suicide,146,6272748,2.3
2002,Asian or Pacific Islander,Male,M,Homicide,189,6272748,3
2002,Asian or Pacific Islander,Male,M,Undetermined ,2,6272748,Unreliable
2002,Asian or Pacific Islander,Male,M,Legal Intervention / Operations of War,8,6272748,Unreliable
2002,Asian or Pacific Islander,Male,M,"Non-Injury, no intent classified",0,6272748,Unreliable
2002,Black or African American,Female,F,Unintentional,13,19770726,Unreliable
2002,Black or African American,Female,F,Suicide,97,19770726,0.5
2002,Black or African American,Female,F,Homicide,710,19770726,3.6
2002,Black or African American,Female,F,Undetermined ,2,19770726,Unreliable
2002,Black or African American,Female,F,Legal Intervention / Operations of War,3,19770726,Unreliable
2002,Black or African American,Female,F,"Non-Injury, no intent classified",0,19770726,Unreliable
2002,Black or African American,Male,M,Unintentional,142,17977698,0.8
2002,Black or African American,Male,M,Suicide,962,17977698,5.4
2002,Black or African American,Male,M,Homicide,5575,17977698,31
2002,Black or African American,Male,M,Undetermined ,39,17977698,0.2
2002,Black or African American,Male,M,Legal Intervention / Operations of War,80,17977698,0.4
2002,Black or African American,Male,M,"Non-Injury, no intent classified",0,17977698,Unreliable
2002,White,Female,F,Unintentional,81,118338604,0.1
2002,White,Female,F,Suicide,1924,118338604,1.6
2002,White,Female,F,Homicide,1135,118338604,1
2002,White,Female,F,Undetermined ,39,118338604,0
2002,White,Female,F,Legal Intervention / Operations of War,9,118338604,Unreliable
2002,White,Female,F,"Non-Injury, no intent classified",0,118338604,Unreliable
2002,White,Male,M,Unintentional,510,115381931,0.4
2002,White,Male,M,Suicide,13809,115381931,12
2002,White,Male,M,Homicide,4050,115381931,3.5
2002,White,Male,M,Undetermined ,153,115381931,0.1
2002,White,Male,M,Legal Intervention / Operations of War,192,115381931,0.2
2002,White,Male,M,"Non-Injury, no intent classified",0,115381931,Unreliable
2003,American Indian or Alaska Native,Female,F,Unintentional,1,1659114,Unreliable
2003,American Indian or Alaska Native,Female,F,Suicide,10,1659114,Unreliable
2003,American Indian or Alaska Native,Female,F,Homicide,28,1659114,1.7
2003,American Indian or Alaska Native,Female,F,Undetermined ,1,1659114,Unreliable
2003,American Indian or Alaska Native,Female,F,Legal Intervention / Operations of War,0,1659114,Unreliable
2003,American Indian or Alaska Native,Female,F,"Non-Injury, no intent classified",0,1659114,Unreliable
2003,American Indian or Alaska Native,Male,M,Unintentional,12,1652897,Unreliable
2003,American Indian or Alaska Native,Male,M,Suicide,117,1652897,7.1
2003,American Indian or Alaska Native,Male,M,Homicide,81,1652897,4.9
2003,American Indian or Alaska Native,Male,M,Undetermined ,8,1652897,Unreliable
2003,American Indian or Alaska Native,Male,M,Legal Intervention / Operations of War,11,1652897,Unreliable
2003,American Indian or Alaska Native,Male,M,"Non-Injury, no intent classified",0,1652897,Unreliable
2003,Asian or Pacific Islander,Female,F,Unintentional,0,6954880,Unreliable
2003,Asian or Pacific Islander,Female,F,Suicide,30,6954880,0.4
2003,Asian or Pacific Islander,Female,F,Homicide,44,6954880,0.6
2003,Asian or Pacific Islander,Female,F,Undetermined ,3,6954880,Unreliable
2003,Asian or Pacific Islander,Female,F,Legal Intervention / Operations of War,2,6954880,Unreliable
2003,Asian or Pacific Islander,Female,F,"Non-Injury, no intent classified",0,6954880,Unreliable
2003,Asian or Pacific Islander,Male,M,Unintentional,3,6506229,Unreliable
2003,Asian or Pacific Islander,Male,M,Suicide,159,6506229,2.4
2003,Asian or Pacific Islander,Male,M,Homicide,197,6506229,3
2003,Asian or Pacific Islander,Male,M,Undetermined ,2,6506229,Unreliable
2003,Asian or Pacific Islander,Male,M,Legal Intervention / Operations of War,5,6506229,Unreliable
2003,Asian or Pacific Islander,Male,M,"Non-Injury, no intent classified",0,6506229,Unreliable
2003,Black or African American,Female,F,Unintentional,12,20015421,Unreliable
2003,Black or African American,Female,F,Suicide,102,20015421,0.5
2003,Black or African American,Female,F,Homicide,657,20015421,3.3
2003,Black or African American,Female,F,Undetermined ,3,20015421,Unreliable
2003,Black or African American,Female,F,Legal Intervention / Operations of War,3,20015421,Unreliable
2003,Black or African American,Female,F,"Non-Injury, no intent classified",0,20015421,Unreliable
2003,Black or African American,Male,M,Unintentional,116,18194320,0.6
2003,Black or African American,Male,M,Suicide,902,18194320,5
2003,Black or African American,Male,M,Homicide,5740,18194320,31.5
2003,Black or African American,Male,M,Undetermined ,32,18194320,0.2
2003,Black or African American,Male,M,Legal Intervention / Operations of War,92,18194320,0.5
2003,Black or African American,Male,M,"Non-Injury, no intent classified",0,18194320,Unreliable
2003,White,Female,F,Unintentional,61,119049621,0.1
2003,White,Female,F,Suicide,1938,119049621,1.6
2003,White,Female,F,Homicide,1065,119049621,0.9
2003,White,Female,F,Undetermined ,39,119049621,0
2003,White,Female,F,Legal Intervention / Operations of War,13,119049621,Unreliable
2003,White,Female,F,"Non-Injury, no intent classified",0,119049621,Unreliable
2003,White,Male,M,Unintentional,525,116075451,0.5
2003,White,Male,M,Suicide,13649,116075451,11.8
2003,White,Male,M,Homicide,4108,116075451,3.5
2003,White,Male,M,Undetermined ,144,116075451,0.1
2003,White,Male,M,Legal Intervention / Operations of War,221,116075451,0.2
2003,White,Male,M,"Non-Injury, no intent classified",0,116075451,Unreliable
2004,American Indian or Alaska Native,Female,F,Unintentional,3,1716767,Unreliable
2004,American Indian or Alaska Native,Female,F,Suicide,22,1716767,1.3
2004,American Indian or Alaska Native,Female,F,Homicide,17,1716767,Unreliable
2004,American Indian or Alaska Native,Female,F,Undetermined ,3,1716767,Unreliable
2004,American Indian or Alaska Native,Female,F,Legal Intervention / Operations of War,0,1716767,Unreliable
2004,American Indian or Alaska Native,Female,F,"Non-Injury, no intent classified",0,1716767,Unreliable
2004,American Indian or Alaska Native,Male,M,Unintentional,10,1712685,Unreliable
2004,American Indian or Alaska Native,Male,M,Suicide,130,1712685,7.6
2004,American Indian or Alaska Native,Male,M,Homicide,87,1712685,5.1
2004,American Indian or Alaska Native,Male,M,Undetermined ,4,1712685,Unreliable
2004,American Indian or Alaska Native,Male,M,Legal Intervention / Operations of War,5,1712685,Unreliable
2004,American Indian or Alaska Native,Male,M,"Non-Injury, no intent classified",0,1712685,Unreliable
2004,Asian or Pacific Islander,Female,F,Unintentional,0,7225506,Unreliable
2004,Asian or Pacific Islander,Female,F,Suicide,34,7225506,0.5
2004,Asian or Pacific Islander,Female,F,Homicide,33,7225506,0.5
2004,Asian or Pacific Islander,Female,F,Undetermined ,0,7225506,Unreliable
2004,Asian or Pacific Islander,Female,F,Legal Intervention / Operations of War,1,7225506,Unreliable
2004,Asian or Pacific Islander,Female,F,"Non-Injury, no intent classified",0,7225506,Unreliable
2004,Asian or Pacific Islander,Male,M,Unintentional,3,6741508,Unreliable
2004,Asian or Pacific Islander,Male,M,Suicide,148,6741508,2.2
2004,Asian or Pacific Islander,Male,M,Homicide,167,6741508,2.5
2004,Asian or Pacific Islander,Male,M,Undetermined ,2,6741508,Unreliable
2004,Asian or Pacific Islander,Male,M,Legal Intervention / Operations of War,10,6741508,Unreliable
2004,Asian or Pacific Islander,Male,M,"Non-Injury, no intent classified",0,6741508,Unreliable
2004,Black or African American,Female,F,Unintentional,12,20277329,Unreliable
2004,Black or African American,Female,F,Suicide,105,20277329,0.5
2004,Black or African American,Female,F,Homicide,612,20277329,3
2004,Black or African American,Female,F,Undetermined ,8,20277329,Unreliable
2004,Black or African American,Female,F,Legal Intervention / Operations of War,2,20277329,Unreliable
2004,Black or African American,Female,F,"Non-Injury, no intent classified",0,20277329,Unreliable
2004,Black or African American,Male,M,Unintentional,117,18461469,0.6
2004,Black or African American,Male,M,Suicide,904,18461469,4.9
2004,Black or African American,Male,M,Homicide,5589,18461469,30.3
2004,Black or African American,Male,M,Undetermined ,31,18461469,0.2
2004,Black or African American,Male,M,Legal Intervention / Operations of War,68,18461469,0.4
2004,Black or African American,Male,M,"Non-Injury, no intent classified",0,18461469,Unreliable
2004,White,Female,F,Unintentional,61,119757684,0.1
2004,White,Female,F,Suicide,2066,119757684,1.7
2004,White,Female,F,Homicide,1041,119757684,0.9
2004,White,Female,F,Undetermined ,45,119757684,0
2004,White,Female,F,Legal Intervention / Operations of War,6,119757684,Unreliable
2004,White,Female,F,"Non-Injury, no intent classified",0,119757684,Unreliable
2004,White,Male,M,Unintentional,443,116912350,0.4
2004,White,Male,M,Suicide,13341,116912350,11.4
2004,White,Male,M,Homicide,4078,116912350,3.5
2004,White,Male,M,Undetermined ,142,116912350,0.1
2004,White,Male,M,Legal Intervention / Operations of War,219,116912350,0.2
2004,White,Male,M,"Non-Injury, no intent classified",0,116912350,Unreliable
2005,American Indian or Alaska Native,Female,F,Unintentional,2,1778645,Unreliable
2005,American Indian or Alaska Native,Female,F,Suicide,18,1778645,Unreliable
2005,American Indian or Alaska Native,Female,F,Homicide,21,1778645,1.2
2005,American Indian or Alaska Native,Female,F,Undetermined ,0,1778645,Unreliable
2005,American Indian or Alaska Native,Female,F,Legal Intervention / Operations of War,0,1778645,Unreliable
2005,American Indian or Alaska Native,Female,F,"Non-Injury, no intent classified",0,1778645,Unreliable
2005,American Indian or Alaska Native,Male,M,Unintentional,9,1775711,Unreliable
2005,American Indian or Alaska Native,Male,M,Suicide,145,1775711,8.2
2005,American Indian or Alaska Native,Male,M,Homicide,96,1775711,5.4
2005,American Indian or Alaska Native,Male,M,Undetermined ,7,1775711,Unreliable
2005,American Indian or Alaska Native,Male,M,Legal Intervention / Operations of War,7,1775711,Unreliable
2005,American Indian or Alaska Native,Male,M,"Non-Injury, no intent classified",0,1775711,Unreliable
2005,Asian or Pacific Islander,Female,F,Unintentional,3,7510126,Unreliable
2005,Asian or Pacific Islander,Female,F,Suicide,19,7510126,Unreliable
2005,Asian or Pacific Islander,Female,F,Homicide,45,7510126,0.6
2005,Asian or Pacific Islander,Female,F,Undetermined ,1,7510126,Unreliable
2005,Asian or Pacific Islander,Female,F,Legal Intervention / Operations of War,0,7510126,Unreliable
2005,Asian or Pacific Islander,Female,F,"Non-Injury, no intent classified",0,7510126,Unreliable
2005,Asian or Pacific Islander,Male,M,Unintentional,20,6984291,0.3
2005,Asian or Pacific Islander,Male,M,Suicide,130,6984291,1.9
2005,Asian or Pacific Islander,Male,M,Homicide,221,6984291,3.2
2005,Asian or Pacific Islander,Male,M,Undetermined ,2,6984291,Unreliable
2005,Asian or Pacific Islander,Male,M,Legal Intervention / Operations of War,6,6984291,Unreliable
2005,Asian or Pacific Islander,Male,M,"Non-Injury, no intent classified",0,6984291,Unreliable
2005,Black or African American,Female,F,Unintentional,16,20551032,Unreliable
2005,Black or African American,Female,F,Suicide,98,20551032,0.5
2005,Black or African American,Female,F,Homicide,636,20551032,3.1
2005,Black or African American,Female,F,Undetermined ,8,20551032,Unreliable
2005,Black or African American,Female,F,Legal Intervention / Operations of War,0,20551032,Unreliable
2005,Black or African American,Female,F,"Non-Injury, no intent classified",0,20551032,Unreliable
2005,Black or African American,Male,M,Unintentional,138,18729699,0.7
2005,Black or African American,Male,M,Suicide,911,18729699,4.9
2005,Black or African American,Male,M,Homicide,6067,18729699,32.4
2005,Black or African American,Male,M,Undetermined ,28,18729699,0.1
2005,Black or African American,Male,M,Legal Intervention / Operations of War,82,18729699,0.4
2005,Black or African American,Male,M,"Non-Injury, no intent classified",0,18729699,Unreliable
2005,White,Female,F,Unintentional,85,120479718,0.1
2005,White,Female,F,Suicide,1951,120479718,1.6
2005,White,Female,F,Homicide,1089,120479718,0.9
2005,White,Female,F,Undetermined ,34,120479718,0
2005,White,Female,F,Legal Intervention / Operations of War,11,120479718,Unreliable
2005,White,Female,F,"Non-Injury, no intent classified",0,120479718,Unreliable
2005,White,Male,M,Unintentional,516,117707377,0.4
2005,White,Male,M,Suicide,13730,117707377,11.7
2005,White,Male,M,Homicide,4177,117707377,3.5
2005,White,Male,M,Undetermined ,141,117707377,0.1
2005,White,Male,M,Legal Intervention / Operations of War,224,117707377,0.2
2005,White,Male,M,"Non-Injury, no intent classified",0,117707377,Unreliable
2006,American Indian or Alaska Native,Female,F,Unintentional,2,1843293,Unreliable
2006,American Indian or Alaska Native,Female,F,Suicide,22,1843293,1.2
2006,American Indian or Alaska Native,Female,F,Homicide,14,1843293,Unreliable
2006,American Indian or Alaska Native,Female,F,Undetermined ,0,1843293,Unreliable
2006,American Indian or Alaska Native,Female,F,Legal Intervention / Operations of War,0,1843293,Unreliable
2006,American Indian or Alaska Native,Female,F,"Non-Injury, no intent classified",0,1843293,Unreliable
2006,American Indian or Alaska Native,Male,M,Unintentional,5,1844390,Unreliable
2006,American Indian or Alaska Native,Male,M,Suicide,132,1844390,7.2
2006,American Indian or Alaska Native,Male,M,Homicide,105,1844390,5.7
2006,American Indian or Alaska Native,Male,M,Undetermined ,2,1844390,Unreliable
2006,American Indian or Alaska Native,Male,M,Legal Intervention / Operations of War,9,1844390,Unreliable
2006,American Indian or Alaska Native,Male,M,"Non-Injury, no intent classified",0,1844390,Unreliable
2006,Asian or Pacific Islander,Female,F,Unintentional,1,7798682,Unreliable
2006,Asian or Pacific Islander,Female,F,Suicide,22,7798682,0.3
2006,Asian or Pacific Islander,Female,F,Homicide,52,7798682,0.7
2006,Asian or Pacific Islander,Female,F,Undetermined ,0,7798682,Unreliable
2006,Asian or Pacific Islander,Female,F,Legal Intervention / Operations of War,0,7798682,Unreliable
2006,Asian or Pacific Islander,Female,F,"Non-Injury, no intent classified",0,7798682,Unreliable
2006,Asian or Pacific Islander,Male,M,Unintentional,10,7231169,Unreliable
2006,Asian or Pacific Islander,Male,M,Suicide,153,7231169,2.1
2006,Asian or Pacific Islander,Male,M,Homicide,228,7231169,3.2
2006,Asian or Pacific Islander,Male,M,Undetermined ,1,7231169,Unreliable
2006,Asian or Pacific Islander,Male,M,Legal Intervention / Operations of War,8,7231169,Unreliable
2006,Asian or Pacific Islander,Male,M,"Non-Injury, no intent classified",0,7231169,Unreliable
2006,Black or African American,Female,F,Unintentional,8,20840468,Unreliable
2006,Black or African American,Female,F,Suicide,93,20840468,0.4
2006,Black or African American,Female,F,Homicide,739,20840468,3.5
2006,Black or African American,Female,F,Undetermined ,3,20840468,Unreliable
2006,Black or African American,Female,F,Legal Intervention / Operations of War,3,20840468,Unreliable
2006,Black or African American,Female,F,"Non-Injury, no intent classified",0,20840468,Unreliable
2006,Black or African American,Male,M,Unintentional,132,19016639,0.7
2006,Black or African American,Male,M,Suicide,922,19016639,4.8
2006,Black or African American,Male,M,Homicide,6374,19016639,33.5
2006,Black or African American,Male,M,Undetermined ,45,19016639,0.2
2006,Black or African American,Male,M,Legal Intervention / Operations of War,90,19016639,0.5
2006,Black or African American,Male,M,"Non-Injury, no intent classified",0,19016639,Unreliable
2006,White,Female,F,Unintentional,64,121250204,0.1
2006,White,Female,F,Suicide,2012,121250204,1.7
2006,White,Female,F,Homicide,1100,121250204,0.9
2006,White,Female,F,Undetermined ,36,121250204,0
2006,White,Female,F,Legal Intervention / Operations of War,13,121250204,Unreliable
2006,White,Female,F,"Non-Injury, no intent classified",0,121250204,Unreliable
2006,White,Male,M,Unintentional,420,118555067,0.4
2006,White,Male,M,Suicide,13527,118555067,11.4
2006,White,Male,M,Homicide,4179,118555067,3.5
2006,White,Male,M,Undetermined ,133,118555067,0.1
2006,White,Male,M,Legal Intervention / Operations of War,237,118555067,0.2
2006,White,Male,M,"Non-Injury, no intent classified",0,118555067,Unreliable
2007,American Indian or Alaska Native,Female,F,Unintentional,1,1911949,Unreliable
2007,American Indian or Alaska Native,Female,F,Suicide,19,1911949,Unreliable
2007,American Indian or Alaska Native,Female,F,Homicide,13,1911949,Unreliable
2007,American Indian or Alaska Native,Female,F,Undetermined ,0,1911949,Unreliable
2007,American Indian or Alaska Native,Female,F,Legal Intervention / Operations of War,0,1911949,Unreliable
2007,American Indian or Alaska Native,Female,F,"Non-Injury, no intent classified",0,1911949,Unreliable
2007,American Indian or Alaska Native,Male,M,Unintentional,10,1917949,Unreliable
2007,American Indian or Alaska Native,Male,M,Suicide,116,1917949,6
2007,American Indian or Alaska Native,Male,M,Homicide,78,1917949,4.1
2007,American Indian or Alaska Native,Male,M,Undetermined ,6,1917949,Unreliable
2007,American Indian or Alaska Native,Male,M,Legal Intervention / Operations of War,3,1917949,Unreliable
2007,American Indian or Alaska Native,Male,M,"Non-Injury, no intent classified",0,1917949,Unreliable
2007,Asian or Pacific Islander,Female,F,Unintentional,0,8084884,Unreliable
2007,Asian or Pacific Islander,Female,F,Suicide,23,8084884,0.3
2007,Asian or Pacific Islander,Female,F,Homicide,33,8084884,0.4
2007,Asian or Pacific Islander,Female,F,Undetermined ,0,8084884,Unreliable
2007,Asian or Pacific Islander,Female,F,Legal Intervention / Operations of War,0,8084884,Unreliable
2007,Asian or Pacific Islander,Female,F,"Non-Injury, no intent classified",0,8084884,Unreliable
2007,Asian or Pacific Islander,Male,M,Unintentional,7,7474489,Unreliable
2007,Asian or Pacific Islander,Male,M,Suicide,198,7474489,2.6
2007,Asian or Pacific Islander,Male,M,Homicide,168,7474489,2.2
2007,Asian or Pacific Islander,Male,M,Undetermined ,5,7474489,Unreliable
2007,Asian or Pacific Islander,Male,M,Legal Intervention / Operations of War,6,7474489,Unreliable
2007,Asian or Pacific Islander,Male,M,"Non-Injury, no intent classified",0,7474489,Unreliable
2007,Black or African American,Female,F,Unintentional,13,21142428,Unreliable
2007,Black or African American,Female,F,Suicide,106,21142428,0.5
2007,Black or African American,Female,F,Homicide,679,21142428,3.2
2007,Black or African American,Female,F,Undetermined ,11,21142428,Unreliable
2007,Black or African American,Female,F,Legal Intervention / Operations of War,3,21142428,Unreliable
2007,Black or African American,Female,F,"Non-Injury, no intent classified",0,21142428,Unreliable
2007,Black or African American,Male,M,Unintentional,114,19308680,0.6
2007,Black or African American,Male,M,Suicide,881,19308680,4.6
2007,Black or African American,Male,M,Homicide,6281,19308680,32.5
2007,Black or African American,Male,M,Undetermined ,46,19308680,0.2
2007,Black or African American,Male,M,Legal Intervention / Operations of War,108,19308680,0.6
2007,Black or African American,Male,M,"Non-Injury, no intent classified",0,19308680,Unreliable
2007,White,Female,F,Unintentional,62,122027092,0.1
2007,White,Female,F,Suicide,2023,122027092,1.7
2007,White,Female,F,Homicide,1140,122027092,0.9
2007,White,Female,F,Undetermined ,42,122027092,0
2007,White,Female,F,Legal Intervention / Operations of War,9,122027092,Unreliable
2007,White,Female,F,"Non-Injury, no intent classified",0,122027092,Unreliable
2007,White,Male,M,Unintentional,406,119363736,0.3
2007,White,Male,M,Suicide,13986,119363736,11.7
2007,White,Male,M,Homicide,4240,119363736,3.6
2007,White,Male,M,Undetermined ,166,119363736,0.1
2007,White,Male,M,Legal Intervention / Operations of War,222,119363736,0.2
2007,White,Male,M,"Non-Injury, no intent classified",0,119363736,Unreliable
2008,American Indian or Alaska Native,Female,F,Unintentional,5,1986553,Unreliable
2008,American Indian or Alaska Native,Female,F,Suicide,17,1986553,Unreliable
2008,American Indian or Alaska Native,Female,F,Homicide,23,1986553,1.2
2008,American Indian or Alaska Native,Female,F,Undetermined ,0,1986553,Unreliable
2008,American Indian or Alaska Native,Female,F,Legal Intervention / Operations of War,1,1986553,Unreliable
2008,American Indian or Alaska Native,Female,F,"Non-Injury, no intent classified",0,1986553,Unreliable
2008,American Indian or Alaska Native,Male,M,Unintentional,11,1997376,Unreliable
2008,American Indian or Alaska Native,Male,M,Suicide,136,1997376,6.8
2008,American Indian or Alaska Native,Male,M,Homicide,74,1997376,3.7
2008,American Indian or Alaska Native,Male,M,Undetermined ,3,1997376,Unreliable
2008,American Indian or Alaska Native,Male,M,Legal Intervention / Operations of War,9,1997376,Unreliable
2008,American Indian or Alaska Native,Male,M,"Non-Injury, no intent classified",0,1997376,Unreliable
2008,Asian or Pacific Islander,Female,F,Unintentional,0,8373542,Unreliable
2008,Asian or Pacific Islander,Female,F,Suicide,21,8373542,0.3
2008,Asian or Pacific Islander,Female,F,Homicide,44,8373542,0.5
2008,Asian or Pacific Islander,Female,F,Undetermined ,0,8373542,Unreliable
2008,Asian or Pacific Islander,Female,F,Legal Intervention / Operations of War,1,8373542,Unreliable
2008,Asian or Pacific Islander,Female,F,"Non-Injury, no intent classified",0,8373542,Unreliable
2008,Asian or Pacific Islander,Male,M,Unintentional,3,7721157,Unreliable
2008,Asian or Pacific Islander,Male,M,Suicide,160,7721157,2.1
2008,Asian or Pacific Islander,Male,M,Homicide,164,7721157,2.1
2008,Asian or Pacific Islander,Male,M,Undetermined ,4,7721157,Unreliable
2008,Asian or Pacific Islander,Male,M,Legal Intervention / Operations of War,5,7721157,Unreliable
2008,Asian or Pacific Islander,Male,M,"Non-Injury, no intent classified",0,7721157,Unreliable
2008,Black or African American,Female,F,Unintentional,9,21446016,Unreliable
2008,Black or African American,Female,F,Suicide,97,21446016,0.5
2008,Black or African American,Female,F,Homicide,644,21446016,3
2008,Black or African American,Female,F,Undetermined ,7,21446016,Unreliable
2008,Black or African American,Female,F,Legal Intervention / Operations of War,2,21446016,Unreliable
2008,Black or African American,Female,F,"Non-Injury, no intent classified",0,21446016,Unreliable
2008,Black or African American,Male,M,Unintentional,85,19602943,0.4
2008,Black or African American,Male,M,Suicide,952,19602943,4.9
2008,Black or African American,Male,M,Homicide,5925,19602943,30.2
2008,Black or African American,Male,M,Undetermined ,34,19602943,0.2
2008,Black or African American,Male,M,Legal Intervention / Operations of War,92,19602943,0.5
2008,Black or African American,Male,M,"Non-Injury, no intent classified",0,19602943,Unreliable
2008,White,Female,F,Unintentional,68,122797904,0.1
2008,White,Female,F,Suicide,2157,122797904,1.8
2008,White,Female,F,Homicide,1107,122797904,0.9
2008,White,Female,F,Undetermined ,46,122797904,0
2008,White,Female,F,Legal Intervention / Operations of War,8,122797904,Unreliable
2008,White,Female,F,"Non-Injury, no intent classified",0,122797904,Unreliable
2008,White,Male,M,Unintentional,411,120168475,0.3
2008,White,Male,M,Suicide,14683,120168475,12.2
2008,White,Male,M,Homicide,4198,120168475,3.5
2008,White,Male,M,Undetermined ,179,120168475,0.1
2008,White,Male,M,Legal Intervention / Operations of War,208,120168475,0.2
2008,White,Male,M,"Non-Injury, no intent classified",0,120168475,Unreliable
2009,American Indian or Alaska Native,Female,F,Unintentional,1,2062396,Unreliable
2009,American Indian or Alaska Native,Female,F,Suicide,28,2062396,1.4
2009,American Indian or Alaska Native,Female,F,Homicide,21,2062396,1
2009,American Indian or Alaska Native,Female,F,Undetermined ,0,2062396,Unreliable
2009,American Indian or Alaska Native,Female,F,Legal Intervention / Operations of War,0,2062396,Unreliable
2009,American Indian or Alaska Native,Female,F,"Non-Injury, no intent classified",0,2062396,Unreliable
2009,American Indian or Alaska Native,Male,M,Unintentional,4,2078819,Unreliable
2009,American Indian or Alaska Native,Male,M,Suicide,133,2078819,6.4
2009,American Indian or Alaska Native,Male,M,Homicide,91,2078819,4.4
2009,American Indian or Alaska Native,Male,M,Undetermined ,7,2078819,Unreliable
2009,American Indian or Alaska Native,Male,M,Legal Intervention / Operations of War,6,2078819,Unreliable
2009,American Indian or Alaska Native,Male,M,"Non-Injury, no intent classified",0,2078819,Unreliable
2009,Asian or Pacific Islander,Female,F,Unintentional,1,8651166,Unreliable
2009,Asian or Pacific Islander,Female,F,Suicide,28,8651166,0.3
2009,Asian or Pacific Islander,Female,F,Homicide,51,8651166,0.6
2009,Asian or Pacific Islander,Female,F,Undetermined ,1,8651166,Unreliable
2009,Asian or Pacific Islander,Female,F,Legal Intervention / Operations of War,0,8651166,Unreliable
2009,Asian or Pacific Islander,Female,F,"Non-Injury, no intent classified",0,8651166,Unreliable
2009,Asian or Pacific Islander,Male,M,Unintentional,3,7957865,Unreliable
2009,Asian or Pacific Islander,Male,M,Suicide,180,7957865,2.3
2009,Asian or Pacific Islander,Male,M,Homicide,164,7957865,2.1
2009,Asian or Pacific Islander,Male,M,Undetermined ,2,7957865,Unreliable
2009,Asian or Pacific Islander,Male,M,Legal Intervention / Operations of War,8,7957865,Unreliable
2009,Asian or Pacific Islander,Male,M,"Non-Injury, no intent classified",0,7957865,Unreliable
2009,Black or African American,Female,F,Unintentional,10,21744516,Unreliable
2009,Black or African American,Female,F,Suicide,95,21744516,0.4
2009,Black or African American,Female,F,Homicide,642,21744516,3
2009,Black or African American,Female,F,Undetermined ,4,21744516,Unreliable
2009,Black or African American,Female,F,Legal Intervention / Operations of War,4,21744516,Unreliable
2009,Black or African American,Female,F,"Non-Injury, no intent classified",0,21744516,Unreliable
2009,Black or African American,Male,M,Unintentional,80,19887934,0.4
2009,Black or African American,Male,M,Suicide,939,19887934,4.7
2009,Black or African American,Male,M,Homicide,5574,19887934,28
2009,Black or African American,Male,M,Undetermined ,24,19887934,0.1
2009,Black or African American,Male,M,Legal Intervention / Operations of War,83,19887934,0.4
2009,Black or African American,Male,M,"Non-Injury, no intent classified",0,19887934,Unreliable
2009,White,Female,F,Unintentional,45,123505997,0
2009,White,Female,F,Suicide,2277,123505997,1.8
2009,White,Female,F,Homicide,1164,123505997,0.9
2009,White,Female,F,Undetermined ,36,123505997,0
2009,White,Female,F,Legal Intervention / Operations of War,18,123505997,Unreliable
2009,White,Female,F,"Non-Injury, no intent classified",0,123505997,Unreliable
2009,White,Male,M,Unintentional,410,120882836,0.3
2009,White,Male,M,Suicide,15055,120882836,12.5
2009,White,Male,M,Homicide,3786,120882836,3.1
2009,White,Male,M,Undetermined ,158,120882836,0.1
2009,White,Male,M,Legal Intervention / Operations of War,214,120882836,0.2
2009,White,Male,M,"Non-Injury, no intent classified",0,120882836,Unreliable
2010,American Indian or Alaska Native,Female,F,Unintentional,0,2120884,Unreliable
2010,American Indian or Alaska Native,Female,F,Suicide,32,2120884,1.5
2010,American Indian or Alaska Native,Female,F,Homicide,15,2120884,Unreliable
2010,American Indian or Alaska Native,Female,F,Undetermined ,3,2120884,Unreliable
2010,American Indian or Alaska Native,Female,F,Legal Intervention / Operations of War,0,2120884,Unreliable
2010,American Indian or Alaska Native,Female,F,"Non-Injury, no intent classified",0,2120884,Unreliable
2010,American Indian or Alaska Native,Male,M,Unintentional,14,2142654,Unreliable
2010,American Indian or Alaska Native,Male,M,Suicide,146,2142654,6.8
2010,American Indian or Alaska Native,Male,M,Homicide,98,2142654,4.6
2010,American Indian or Alaska Native,Male,M,Undetermined ,4,2142654,Unreliable
2010,American Indian or Alaska Native,Male,M,Legal Intervention / Operations of War,5,2142654,Unreliable
2010,American Indian or Alaska Native,Male,M,"Non-Injury, no intent classified",0,2142654,Unreliable
2010,Asian or Pacific Islander,Female,F,Unintentional,1,8858835,Unreliable
2010,Asian or Pacific Islander,Female,F,Suicide,23,8858835,0.3
2010,Asian or Pacific Islander,Female,F,Homicide,33,8858835,0.4
2010,Asian or Pacific Islander,Female,F,Undetermined ,0,8858835,Unreliable
2010,Asian or Pacific Islander,Female,F,Legal Intervention / Operations of War,0,8858835,Unreliable
2010,Asian or Pacific Islander,Female,F,"Non-Injury, no intent classified",0,8858835,Unreliable
2010,Asian or Pacific Islander,Male,M,Unintentional,4,8134491,Unreliable
2010,Asian or Pacific Islander,Male,M,Suicide,203,8134491,2.5
2010,Asian or Pacific Islander,Male,M,Homicide,134,8134491,1.6
2010,Asian or Pacific Islander,Male,M,Undetermined ,3,8134491,Unreliable
2010,Asian or Pacific Islander,Male,M,Legal Intervention / Operations of War,10,8134491,Unreliable
2010,Asian or Pacific Islander,Male,M,"Non-Injury, no intent classified",0,8134491,Unreliable
2010,Black or African American,Female,F,Unintentional,12,21964642,Unreliable
2010,Black or African American,Female,F,Suicide,114,21964642,0.5
2010,Black or African American,Female,F,Homicide,598,21964642,2.7
2010,Black or African American,Female,F,Undetermined ,7,21964642,Unreliable
2010,Black or African American,Female,F,Legal Intervention / Operations of War,2,21964642,Unreliable
2010,Black or African American,Female,F,"Non-Injury, no intent classified",0,21964642,Unreliable
2010,Black or African American,Male,M,Unintentional,101,20100692,0.5
2010,Black or African American,Male,M,Suicide,965,20100692,4.8
2010,Black or African American,Male,M,Homicide,5553,20100692,27.6
2010,Black or African American,Male,M,Undetermined ,25,20100692,0.1
2010,Black or African American,Male,M,Legal Intervention / Operations of War,77,20100692,0.4
2010,Black or African American,Male,M,"Non-Injury, no intent classified",0,20100692,Unreliable
2010,White,Female,F,Unintentional,78,124019851,0.1
2010,White,Female,F,Suicide,2261,124019851,1.8
2010,White,Female,F,Homicide,1092,124019851,0.9
2010,White,Female,F,Undetermined ,39,124019851,0
2010,White,Female,F,Legal Intervention / Operations of War,6,124019851,Unreliable
2010,White,Female,F,"Non-Injury, no intent classified",0,124019851,Unreliable
2010,White,Male,M,Unintentional,396,121403489,0.3
2010,White,Male,M,Suicide,15648,121403489,12.9
2010,White,Male,M,Homicide,3555,121403489,2.9
2010,White,Male,M,Undetermined ,171,121403489,0.1
2010,White,Male,M,Legal Intervention / Operations of War,244,121403489,0.2
2010,White,Male,M,"Non-Injury, no intent classified",0,121403489,Unreliable
2011,American Indian or Alaska Native,Female,F,Unintentional,2,2161369,Unreliable
2011,American Indian or Alaska Native,Female,F,Suicide,27,2161369,1.2
2011,American Indian or Alaska Native,Female,F,Homicide,20,2161369,0.9
2011,American Indian or Alaska Native,Female,F,Undetermined ,0,2161369,Unreliable
2011,American Indian or Alaska Native,Female,F,Legal Intervention / Operations of War,1,2161369,Unreliable
2011,American Indian or Alaska Native,Female,F,"Non-Injury, no intent classified",0,2161369,Unreliable
2011,American Indian or Alaska Native,Male,M,Unintentional,4,2186044,Unreliable
2011,American Indian or Alaska Native,Male,M,Suicide,150,2186044,6.9
2011,American Indian or Alaska Native,Male,M,Homicide,85,2186044,3.9
2011,American Indian or Alaska Native,Male,M,Undetermined ,7,2186044,Unreliable
2011,American Indian or Alaska Native,Male,M,Legal Intervention / Operations of War,9,2186044,Unreliable
2011,American Indian or Alaska Native,Male,M,"Non-Injury, no intent classified",0,2186044,Unreliable
2011,Asian or Pacific Islander,Female,F,Unintentional,0,9105690,Unreliable
2011,Asian or Pacific Islander,Female,F,Suicide,33,9105690,0.4
2011,Asian or Pacific Islander,Female,F,Homicide,50,9105690,0.5
2011,Asian or Pacific Islander,Female,F,Undetermined ,1,9105690,Unreliable
2011,Asian or Pacific Islander,Female,F,Legal Intervention / Operations of War,0,9105690,Unreliable
2011,Asian or Pacific Islander,Female,F,"Non-Injury, no intent classified",0,9105690,Unreliable
2011,Asian or Pacific Islander,Male,M,Unintentional,3,8365668,Unreliable
2011,Asian or Pacific Islander,Male,M,Suicide,184,8365668,2.2
2011,Asian or Pacific Islander,Male,M,Homicide,145,8365668,1.7
2011,Asian or Pacific Islander,Male,M,Undetermined ,1,8365668,Unreliable
2011,Asian or Pacific Islander,Male,M,Legal Intervention / Operations of War,12,8365668,Unreliable
2011,Asian or Pacific Islander,Male,M,"Non-Injury, no intent classified",0,8365668,Unreliable
2011,Black or African American,Female,F,Unintentional,13,22260843,Unreliable
2011,Black or African American,Female,F,Suicide,112,22260843,0.5
2011,Black or African American,Female,F,Homicide,616,22260843,2.8
2011,Black or African American,Female,F,Undetermined ,5,22260843,Unreliable
2011,Black or African American,Female,F,Legal Intervention / Operations of War,4,22260843,Unreliable
2011,Black or African American,Female,F,"Non-Injury, no intent classified",0,22260843,Unreliable
2011,Black or African American,Male,M,Unintentional,92,20417972,0.5
2011,Black or African American,Male,M,Suicide,983,20417972,4.8
2011,Black or African American,Male,M,Homicide,5551,20417972,27.2
2011,Black or African American,Male,M,Undetermined ,31,20417972,0.2
2011,Black or African American,Male,M,Legal Intervention / Operations of War,118,20417972,0.6
2011,Black or African American,Male,M,"Non-Injury, no intent classified",0,20417972,Unreliable
2011,White,Female,F,Unintentional,65,124773196,0.1
2011,White,Female,F,Suicide,2498,124773196,2
2011,White,Female,F,Homicide,1112,124773196,0.9
2011,White,Female,F,Undetermined ,43,124773196,0
2011,White,Female,F,Legal Intervention / Operations of War,11,124773196,Unreliable
2011,White,Female,F,"Non-Injury, no intent classified",0,124773196,Unreliable
2011,White,Male,M,Unintentional,412,122321135,0.3
2011,White,Male,M,Suicide,16003,122321135,13.1
2011,White,Male,M,Homicide,3489,122321135,2.9
2011,White,Male,M,Undetermined ,160,122321135,0.1
2011,White,Male,M,Legal Intervention / Operations of War,299,122321135,0.2
2011,White,Male,M,"Non-Injury, no intent classified",0,122321135,Unreliable
2012,American Indian or Alaska Native,Female,F,Unintentional,1,2188020,Unreliable
2012,American Indian or Alaska Native,Female,F,Suicide,17,2188020,Unreliable
2012,American Indian or Alaska Native,Female,F,Homicide,20,2188020,0.9
2012,American Indian or Alaska Native,Female,F,Undetermined ,1,2188020,Unreliable
2012,American Indian or Alaska Native,Female,F,Legal Intervention / Operations of War,1,2188020,Unreliable
2012,American Indian or Alaska Native,Female,F,"Non-Injury, no intent classified",0,2188020,Unreliable
2012,American Indian or Alaska Native,Male,M,Unintentional,7,2210416,Unreliable
2012,American Indian or Alaska Native,Male,M,Suicide,182,2210416,8.2
2012,American Indian or Alaska Native,Male,M,Homicide,89,2210416,4
2012,American Indian or Alaska Native,Male,M,Undetermined ,8,2210416,Unreliable
2012,American Indian or Alaska Native,Male,M,Legal Intervention / Operations of War,11,2210416,Unreliable
2012,American Indian or Alaska Native,Male,M,"Non-Injury, no intent classified",0,2210416,Unreliable
2012,Asian or Pacific Islander,Female,F,Unintentional,0,9429528,Unreliable
2012,Asian or Pacific Islander,Female,F,Suicide,32,9429528,0.3
2012,Asian or Pacific Islander,Female,F,Homicide,51,9429528,0.5
2012,Asian or Pacific Islander,Female,F,Undetermined ,0,9429528,Unreliable
2012,Asian or Pacific Islander,Female,F,Legal Intervention / Operations of War,0,9429528,Unreliable
2012,Asian or Pacific Islander,Female,F,"Non-Injury, no intent classified",0,9429528,Unreliable
2012,Asian or Pacific Islander,Male,M,Unintentional,5,8658431,Unreliable
2012,Asian or Pacific Islander,Male,M,Suicide,221,8658431,2.6
2012,Asian or Pacific Islander,Male,M,Homicide,158,8658431,1.8
2012,Asian or Pacific Islander,Male,M,Undetermined ,1,8658431,Unreliable
2012,Asian or Pacific Islander,Male,M,Legal Intervention / Operations of War,10,8658431,Unreliable
2012,Asian or Pacific Islander,Male,M,"Non-Injury, no intent classified",0,8658431,Unreliable
2012,Black or African American,Female,F,Unintentional,15,22516951,Unreliable
2012,Black or African American,Female,F,Suicide,138,22516951,0.6
2012,Black or African American,Female,F,Homicide,663,22516951,2.9
2012,Black or African American,Female,F,Undetermined ,8,22516951,Unreliable
2012,Black or African American,Female,F,Legal Intervention / Operations of War,6,22516951,Unreliable
2012,Black or African American,Female,F,"Non-Injury, no intent classified",0,22516951,Unreliable
2012,Black or African American,Male,M,Unintentional,92,20686141,0.4
2012,Black or African American,Male,M,Suicide,1004,20686141,4.9
2012,Black or African American,Male,M,Homicide,5947,20686141,28.7
2012,Black or African American,Male,M,Undetermined ,31,20686141,0.1
2012,Black or African American,Male,M,Legal Intervention / Operations of War,117,20686141,0.6
2012,Black or African American,Male,M,"Non-Injury, no intent classified",0,20686141,Unreliable
2012,White,Female,F,Unintentional,57,125287474,0
2012,White,Female,F,Suicide,2569,125287474,2.1
2012,White,Female,F,Homicide,1091,125287474,0.9
2012,White,Female,F,Undetermined ,44,125287474,0
2012,White,Female,F,Legal Intervention / Operations of War,11,125287474,Unreliable
2012,White,Female,F,"Non-Injury, no intent classified",0,125287474,Unreliable
2012,White,Male,M,Unintentional,371,122937079,0.3
2012,White,Male,M,Suicide,16503,122937079,13.4
2012,White,Male,M,Homicide,3603,122937079,2.9
2012,White,Male,M,Undetermined ,163,122937079,0.1
2012,White,Male,M,Legal Intervention / Operations of War,315,122937079,0.3
2012,White,Male,M,"Non-Injury, no intent classified",0,122937079,Unreliable
2013,American Indian or Alaska Native,Female,F,Unintentional,1,2217452,Unreliable
2013,American Indian or Alaska Native,Female,F,Suicide,24,2217452,1.1
2013,American Indian or Alaska Native,Female,F,Homicide,19,2217452,Unreliable
2013,American Indian or Alaska Native,Female,F,Undetermined ,1,2217452,Unreliable
2013,American Indian or Alaska Native,Female,F,Legal Intervention / Operations of War,0,2217452,Unreliable
2013,American Indian or Alaska Native,Female,F,"Non-Injury, no intent classified",0,2217452,Unreliable
2013,American Indian or Alaska Native,Male,M,Unintentional,8,2240482,Unreliable
2013,American Indian or Alaska Native,Male,M,Suicide,178,2240482,7.9
2013,American Indian or Alaska Native,Male,M,Homicide,88,2240482,3.9
2013,American Indian or Alaska Native,Male,M,Undetermined ,3,2240482,Unreliable
2013,American Indian or Alaska Native,Male,M,Legal Intervention / Operations of War,4,2240482,Unreliable
2013,American Indian or Alaska Native,Male,M,"Non-Injury, no intent classified",0,2240482,Unreliable
2013,Asian or Pacific Islander,Female,F,Unintentional,1,9713037,Unreliable
2013,Asian or Pacific Islander,Female,F,Suicide,38,9713037,0.4
2013,Asian or Pacific Islander,Female,F,Homicide,46,9713037,0.5
2013,Asian or Pacific Islander,Female,F,Undetermined ,2,9713037,Unreliable
2013,Asian or Pacific Islander,Female,F,Legal Intervention / Operations of War,1,9713037,Unreliable
2013,Asian or Pacific Islander,Female,F,"Non-Injury, no intent classified",0,9713037,Unreliable
2013,Asian or Pacific Islander,Male,M,Unintentional,3,8917099,Unreliable
2013,Asian or Pacific Islander,Male,M,Suicide,234,8917099,2.6
2013,Asian or Pacific Islander,Male,M,Homicide,129,8917099,1.4
2013,Asian or Pacific Islander,Male,M,Undetermined ,3,8917099,Unreliable
2013,Asian or Pacific Islander,Male,M,Legal Intervention / Operations of War,12,8917099,Unreliable
2013,Asian or Pacific Islander,Male,M,"Non-Injury, no intent classified",0,8917099,Unreliable
2013,Black or African American,Female,F,Unintentional,13,22761530,Unreliable
2013,Black or African American,Female,F,Suicide,111,22761530,0.5
2013,Black or African American,Female,F,Homicide,644,22761530,2.8
2013,Black or African American,Female,F,Undetermined ,9,22761530,Unreliable
2013,Black or African American,Female,F,Legal Intervention / Operations of War,4,22761530,Unreliable
2013,Black or African American,Female,F,"Non-Injury, no intent classified",0,22761530,Unreliable
2013,Black or African American,Male,M,Unintentional,80,20934741,0.4
2013,Black or African American,Male,M,Suicide,975,20934741,4.7
2013,Black or African American,Male,M,Homicide,5798,20934741,27.7
2013,Black or African American,Male,M,Undetermined ,34,20934741,0.2
2013,Black or African American,Male,M,Legal Intervention / Operations of War,129,20934741,0.6
2013,Black or African American,Male,M,"Non-Injury, no intent classified",0,20934741,Unreliable
2013,White,Female,F,Unintentional,49,125785218,0
2013,White,Female,F,Suicide,2761,125785218,2.2
2013,White,Female,F,Homicide,1054,125785218,0.8
2013,White,Female,F,Undetermined ,48,125785218,0
2013,White,Female,F,Legal Intervention / Operations of War,16,125785218,Unreliable
2013,White,Female,F,"Non-Injury, no intent classified",0,125785218,Unreliable
2013,White,Male,M,Unintentional,350,123559280,0.3
2013,White,Male,M,Suicide,16854,123559280,13.6
2013,White,Male,M,Homicide,3430,123559280,2.8
2013,White,Male,M,Undetermined ,181,123559280,0.1
2013,White,Male,M,Legal Intervention / Operations of War,301,123559280,0.2
2013,White,Male,M,"Non-Injury, no intent classified",0,123559280,Unreliable
2014,American Indian or Alaska Native,Female,F,Unintentional,0,2250008,Unreliable
2014,American Indian or Alaska Native,Female,F,Suicide,25,2250008,1.1
2014,American Indian or Alaska Native,Female,F,Homicide,26,2250008,1.2
2014,American Indian or Alaska Native,Female,F,Undetermined ,1,2250008,Unreliable
2014,American Indian or Alaska Native,Female,F,Legal Intervention / Operations of War,1,2250008,Unreliable
2014,American Indian or Alaska Native,Female,F,"Non-Injury, no intent classified",0,2250008,Unreliable
2014,American Indian or Alaska Native,Male,M,Unintentional,7,2268973,Unreliable
2014,American Indian or Alaska Native,Male,M,Suicide,161,2268973,7.1
2014,American Indian or Alaska Native,Male,M,Homicide,101,2268973,4.5
2014,American Indian or Alaska Native,Male,M,Undetermined ,1,2268973,Unreliable
2014,American Indian or Alaska Native,Male,M,Legal Intervention / Operations of War,12,2268973,Unreliable
2014,American Indian or Alaska Native,Male,M,"Non-Injury, no intent classified",0,2268973,Unreliable
2014,Asian or Pacific Islander,Female,F,Unintentional,2,10113992,Unreliable
2014,Asian or Pacific Islander,Female,F,Suicide,34,10113992,0.3
2014,Asian or Pacific Islander,Female,F,Homicide,44,10113992,0.4
2014,Asian or Pacific Islander,Female,F,Undetermined ,0,10113992,Unreliable
2014,Asian or Pacific Islander,Female,F,Legal Intervention / Operations of War,0,10113992,Unreliable
2014,Asian or Pacific Islander,Female,F,"Non-Injury, no intent classified",0,10113992,Unreliable
2014,Asian or Pacific Islander,Male,M,Unintentional,4,9284222,Unreliable
2014,Asian or Pacific Islander,Male,M,Suicide,211,9284222,2.3
2014,Asian or Pacific Islander,Male,M,Homicide,127,9284222,1.4
2014,Asian or Pacific Islander,Male,M,Undetermined ,4,9284222,Unreliable
2014,Asian or Pacific Islander,Male,M,Legal Intervention / Operations of War,9,9284222,Unreliable
2014,Asian or Pacific Islander,Male,M,"Non-Injury, no intent classified",0,9284222,Unreliable
2014,Black or African American,Female,F,Unintentional,6,23068743,Unreliable
2014,Black or African American,Female,F,Suicide,121,23068743,0.5
2014,Black or African American,Female,F,Homicide,613,23068743,2.7
2014,Black or African American,Female,F,Undetermined ,6,23068743,Unreliable
2014,Black or African American,Female,F,Legal Intervention / Operations of War,3,23068743,Unreliable
2014,Black or African American,Female,F,"Non-Injury, no intent classified",0,23068743,Unreliable
2014,Black or African American,Male,M,Unintentional,99,21240651,0.5
2014,Black or African American,Male,M,Suicide,1031,21240651,4.9
2014,Black or African American,Male,M,Homicide,5711,21240651,26.9
2014,Black or African American,Male,M,Undetermined ,40,21240651,0.2
2014,Black or African American,Male,M,Legal Intervention / Operations of War,105,21240651,0.5
2014,Black or African American,Male,M,"Non-Injury, no intent classified",0,21240651,Unreliable
2014,White,Female,F,Unintentional,56,126487826,0
2014,White,Female,F,Suicide,2823,126487826,2.2
2014,White,Female,F,Homicide,1047,126487826,0.8
2014,White,Female,F,Undetermined ,51,126487826,0
2014,White,Female,F,Legal Intervention / Operations of War,20,126487826,0
2014,White,Female,F,"Non-Injury, no intent classified",0,126487826,Unreliable
2014,White,Male,M,Unintentional,287,124142641,0.2
2014,White,Male,M,Suicide,16980,124142641,13.7
2014,White,Male,M,Homicide,3339,124142641,2.7
2014,White,Male,M,Undetermined ,172,124142641,0.1
2014,White,Male,M,Legal Intervention / Operations of War,314,124142641,0.3
2014,White,Male,M,"Non-Injury, no intent classified",0,124142641,Unreliable
2015,American Indian or Alaska Native,Female,F,Unintentional,2,2279263,Unreliable
2015,American Indian or Alaska Native,Female,F,Suicide,35,2279263,1.5
2015,American Indian or Alaska Native,Female,F,Homicide,17,2279263,Unreliable
2015,American Indian or Alaska Native,Female,F,Undetermined ,3,2279263,Unreliable
2015,American Indian or Alaska Native,Female,F,Legal Intervention / Operations of War,0,2279263,Unreliable
2015,American Indian or Alaska Native,Female,F,"Non-Injury, no intent classified",0,2279263,Unreliable
2015,American Indian or Alaska Native,Male,M,Unintentional,10,2298590,Unreliable
2015,American Indian or Alaska Native,Male,M,Suicide,172,2298590,7.5
2015,American Indian or Alaska Native,Male,M,Homicide,131,2298590,5.7
2015,American Indian or Alaska Native,Male,M,Undetermined ,4,2298590,Unreliable
2015,American Indian or Alaska Native,Male,M,Legal Intervention / Operations of War,9,2298590,Unreliable
2015,American Indian or Alaska Native,Male,M,"Non-Injury, no intent classified",0,2298590,Unreliable
2015,Asian or Pacific Islander,Female,F,Unintentional,0,10480265,Unreliable
2015,Asian or Pacific Islander,Female,F,Suicide,45,10480265,0.4
2015,Asian or Pacific Islander,Female,F,Homicide,37,10480265,0.4
2015,Asian or Pacific Islander,Female,F,Undetermined ,0,10480265,Unreliable
2015,Asian or Pacific Islander,Female,F,Legal Intervention / Operations of War,1,10480265,Unreliable
2015,Asian or Pacific Islander,Female,F,"Non-Injury, no intent classified",0,10480265,Unreliable
2015,Asian or Pacific Islander,Male,M,Unintentional,11,9622452,Unreliable
2015,Asian or Pacific Islander,Male,M,Suicide,259,9622452,2.7
2015,Asian or Pacific Islander,Male,M,Homicide,166,9622452,1.7
2015,Asian or Pacific Islander,Male,M,Undetermined ,2,9622452,Unreliable
2015,Asian or Pacific Islander,Male,M,Legal Intervention / Operations of War,13,9622452,Unreliable
2015,Asian or Pacific Islander,Male,M,"Non-Injury, no intent classified",0,9622452,Unreliable
2015,Black or African American,Female,F,Unintentional,16,23345129,Unreliable
2015,Black or African American,Female,F,Suicide,119,23345129,0.5
2015,Black or African American,Female,F,Homicide,705,23345129,3
2015,Black or African American,Female,F,Undetermined ,6,23345129,Unreliable
2015,Black or African American,Female,F,Legal Intervention / Operations of War,7,23345129,Unreliable
2015,Black or African American,Female,F,"Non-Injury, no intent classified",0,23345129,Unreliable
2015,Black or African American,Male,M,Unintentional,82,21518067,0.4
2015,Black or African American,Male,M,Suicide,1049,21518067,4.9
2015,Black or African American,Male,M,Homicide,6910,21518067,32.1
2015,Black or African American,Male,M,Undetermined ,51,21518067,0.2
2015,Black or African American,Male,M,Legal Intervention / Operations of War,102,21518067,0.5
2015,Black or African American,Male,M,"Non-Injury, no intent classified",0,21518067,Unreliable
2015,White,Female,F,Unintentional,53,127084866,0
2015,White,Female,F,Suicide,2909,127084866,2.3
2015,White,Female,F,Homicide,1191,127084866,0.9
2015,White,Female,F,Undetermined ,63,127084866,0
2015,White,Female,F,Legal Intervention / Operations of War,11,127084866,Unreliable
2015,White,Female,F,"Non-Injury, no intent classified",0,127084866,Unreliable
2015,White,Male,M,Unintentional,315,124790188,0.3
2015,White,Male,M,Suicide,17430,124790188,14
2015,White,Male,M,Homicide,3822,124790188,3.1
2015,White,Male,M,Undetermined ,153,124790188,0.1
2015,White,Male,M,Legal Intervention / Operations of War,341,124790188,0.3
2015,White,Male,M,"Non-Injury, no intent classified",0,124790188,Unreliable
2016,American Indian or Alaska Native,Female,F,Unintentional,1,2307116,Unreliable
2016,American Indian or Alaska Native,Female,F,Suicide,29,2307116,1.3
2016,American Indian or Alaska Native,Female,F,Homicide,38,2307116,1.6
2016,American Indian or Alaska Native,Female,F,Undetermined ,4,2307116,Unreliable
2016,American Indian or Alaska Native,Female,F,Legal Intervention / Operations of War,2,2307116,Unreliable
2016,American Indian or Alaska Native,Female,F,"Non-Injury, no intent classified",0,2307116,Unreliable
2016,American Indian or Alaska Native,Male,M,Unintentional,10,2323039,Unreliable
2016,American Indian or Alaska Native,Male,M,Suicide,194,2323039,8.4
2016,American Indian or Alaska Native,Male,M,Homicide,140,2323039,6
2016,American Indian or Alaska Native,Male,M,Undetermined ,6,2323039,Unreliable
2016,American Indian or Alaska Native,Male,M,Legal Intervention / Operations of War,20,2323039,0.9
2016,American Indian or Alaska Native,Male,M,"Non-Injury, no intent classified",0,2323039,Unreliable
2016,Asian or Pacific Islander,Female,F,Unintentional,2,10674120,Unreliable
2016,Asian or Pacific Islander,Female,F,Suicide,41,10674120,0.4
2016,Asian or Pacific Islander,Female,F,Homicide,65,10674120,0.6
2016,Asian or Pacific Islander,Female,F,Undetermined ,0,10674120,Unreliable
2016,Asian or Pacific Islander,Female,F,Legal Intervention / Operations of War,0,10674120,Unreliable
2016,Asian or Pacific Islander,Female,F,"Non-Injury, no intent classified",0,10674120,Unreliable
2016,Asian or Pacific Islander,Male,M,Unintentional,6,9813404,Unreliable
2016,Asian or Pacific Islander,Male,M,Suicide,305,9813404,3.1
2016,Asian or Pacific Islander,Male,M,Homicide,178,9813404,1.8
2016,Asian or Pacific Islander,Male,M,Undetermined ,4,9813404,Unreliable
2016,Asian or Pacific Islander,Male,M,Legal Intervention / Operations of War,11,9813404,Unreliable
2016,Asian or Pacific Islander,Male,M,"Non-Injury, no intent classified",0,9813404,Unreliable
2016,Black or African American,Female,F,Unintentional,16,23563132,Unreliable
2016,Black or African American,Female,F,Suicide,186,23563132,0.8
2016,Black or African American,Female,F,Homicide,861,23563132,3.7
2016,Black or African American,Female,F,Undetermined ,15,23563132,Unreliable
2016,Black or African American,Female,F,Legal Intervention / Operations of War,4,23563132,Unreliable
2016,Black or African American,Female,F,"Non-Injury, no intent classified",0,23563132,Unreliable
2016,Black or African American,Male,M,Unintentional,94,21743888,0.4
2016,Black or African American,Male,M,Suicide,1198,21743888,5.5
2016,Black or African American,Male,M,Homicide,7573,21743888,34.8
2016,Black or African American,Male,M,Undetermined ,47,21743888,0.2
2016,Black or African American,Male,M,Legal Intervention / Operations of War,107,21743888,0.5
2016,Black or African American,Male,M,"Non-Injury, no intent classified",0,21743888,Unreliable
2016,White,Female,F,Unintentional,52,127504222,0
2016,White,Female,F,Suicide,3035,127504222,2.4
2016,White,Female,F,Homicide,1238,127504222,1
2016,White,Female,F,Undetermined ,59,127504222,0
2016,White,Female,F,Legal Intervention / Operations of War,16,127504222,Unreliable
2016,White,Female,F,"Non-Injury, no intent classified",0,127504222,Unreliable
2016,White,Male,M,Unintentional,314,125198592,0.3
2016,White,Male,M,Suicide,17950,125198592,14.3
2016,White,Male,M,Homicide,4322,125198592,3.5
2016,White,Male,M,Undetermined ,165,125198592,0.1
2016,White,Male,M,Legal Intervention / Operations of War,350,125198592,0.3
2016,White,Male,M,"Non-Injury, no intent classified",0,125198592,Unreliable
2017,American Indian or Alaska Native,Female,F,Unintentional,3,2336730,Unreliable
2017,American Indian or Alaska Native,Female,F,Suicide,35,2336730,1.5
2017,American Indian or Alaska Native,Female,F,Homicide,28,2336730,1.2
2017,American Indian or Alaska Native,Female,F,Undetermined ,1,2336730,Unreliable
2017,American Indian or Alaska Native,Female,F,Legal Intervention / Operations of War,0,2336730,Unreliable
2017,American Indian or Alaska Native,Female,F,"Non-Injury, no intent classified",0,2336730,Unreliable
2017,American Indian or Alaska Native,Male,M,Unintentional,8,2352317,Unreliable
2017,American Indian or Alaska Native,Male,M,Suicide,212,2352317,9
2017,American Indian or Alaska Native,Male,M,Homicide,121,2352317,5.1
2017,American Indian or Alaska Native,Male,M,Undetermined ,9,2352317,Unreliable
2017,American Indian or Alaska Native,Male,M,Legal Intervention / Operations of War,27,2352317,1.1
2017,American Indian or Alaska Native,Male,M,"Non-Injury, no intent classified",0,2352317,Unreliable
2017,Asian or Pacific Islander,Female,F,Unintentional,0,11050388,Unreliable
2017,Asian or Pacific Islander,Female,F,Suicide,58,11050388,0.5
2017,Asian or Pacific Islander,Female,F,Homicide,56,11050388,0.5
2017,Asian or Pacific Islander,Female,F,Undetermined ,1,11050388,Unreliable
2017,Asian or Pacific Islander,Female,F,Legal Intervention / Operations of War,0,11050388,Unreliable
2017,Asian or Pacific Islander,Female,F,"Non-Injury, no intent classified",0,11050388,Unreliable
2017,Asian or Pacific Islander,Male,M,Unintentional,7,10160285,Unreliable
2017,Asian or Pacific Islander,Male,M,Suicide,322,10160285,3.2
2017,Asian or Pacific Islander,Male,M,Homicide,149,10160285,1.5
2017,Asian or Pacific Islander,Male,M,Undetermined ,3,10160285,Unreliable
2017,Asian or Pacific Islander,Male,M,Legal Intervention / Operations of War,14,10160285,Unreliable
2017,Asian or Pacific Islander,Male,M,"Non-Injury, no intent classified",0,10160285,Unreliable
2017,Black or African American,Female,F,Unintentional,8,23858372,Unreliable
2017,Black or African American,Female,F,Suicide,165,23858372,0.7
2017,Black or African American,Female,F,Homicide,843,23858372,3.5
2017,Black or African American,Female,F,Undetermined ,12,23858372,Unreliable
2017,Black or African American,Female,F,Legal Intervention / Operations of War,4,23858372,Unreliable
2017,Black or African American,Female,F,"Non-Injury, no intent classified",0,23858372,Unreliable
2017,Black or African American,Male,M,Unintentional,98,22025436,0.4
2017,Black or African American,Male,M,Suicide,1322,22025436,6
2017,Black or African American,Male,M,Homicide,7661,22025436,34.8
2017,Black or African American,Male,M,Undetermined ,60,22025436,0.3
2017,Black or African American,Male,M,Legal Intervention / Operations of War,122,22025436,0.6
2017,Black or African American,Male,M,"Non-Injury, no intent classified",0,22025436,Unreliable
2017,White,Female,F,Unintentional,52,128065569,0
2017,White,Female,F,Suicide,2981,128065569,2.3
2017,White,Female,F,Homicide,1395,128065569,1.1
2017,White,Female,F,Undetermined ,46,128065569,0
2017,White,Female,F,Legal Intervention / Operations of War,23,128065569,0
2017,White,Female,F,"Non-Injury, no intent classified",0,128065569,Unreliable
2017,White,Male,M,Unintentional,310,125870081,0.2
2017,White,Male,M,Suicide,18759,125870081,14.9
2017,White,Male,M,Homicide,4289,125870081,3.4
2017,White,Male,M,Undetermined ,206,125870081,0.2
2017,White,Male,M,Legal Intervention / Operations of War,363,125870081,0.3
2017,White,Male,M,"Non-Injury, no intent classified",0,125870081,Unreliable